cls,title,feature,n,effect,null_mean,null_p95,ratio_vs_random,n_random,p,p_bh,causal
64,e.g. Caught in running equipment or machinery during regular operation,6789,80,0.04187023738353609,0.00032173836135480243,0.0034691125909309477,45.58448146714208,50,0.0196078431372549,0.03137254901960784,True
64,e.g. Caught in running equipment or machinery during regular operation,16283,80,0.005596170712351775,0.00010193697058403954,0.003201363171984908,5.619970609964976,50,0.0196078431372549,0.03137254901960784,True
43,"e.g. Other fall to lower level, unspecified",11453,80,0.012575079786863614,0.00019226150852204215,0.0018475084663421555,18.06028905230528,50,0.0196078431372549,0.03137254901960784,True
43,"e.g. Other fall to lower level, unspecified",6381,80,-0.00024070990879377442,4.042078520821581e-05,0.0021620039484282465,-0.33509070002399344,50,0.8431372549019608,0.8431372549019608,False
62,e.g. Injured by slipping or swinging object held by injured worker,8056,80,0.02005418998065046,-0.00012488878764028,0.0020371184147696102,23.066425350026364,50,0.0196078431372549,0.03137254901960784,True
62,e.g. Injured by slipping or swinging object held by injured worker,8890,80,-0.00039484470109078085,0.00041249341296806745,0.0036415255628085997,-0.3344710127875607,50,0.8235294117647058,0.8431372549019608,False
42,"Slip, trip, stumble while stepping between levels",5180,80,0.007914668815668244,0.0001776102398291228,0.001998239636957542,8.510495445620931,50,0.0392156862745098,0.0570409982174688,False
42,"Slip, trip, stumble while stepping between levels",8707,80,0.001168489003011633,0.000915297327433867,0.006233482979707902,0.7090820385374608,50,0.17647058823529413,0.2171945701357466,False
27,e.g. Part of occupant s body caught between vehicle and other object in nonroadway transport incident,2896,80,0.007974910716376609,-0.0002094132501959076,0.0027446818104261595,7.532455944406193,50,0.0196078431372549,0.03137254901960784,True
27,e.g. Part of occupant s body caught between vehicle and other object in nonroadway transport incident,3881,80,0.08884291713818923,-4.929466142593508e-05,0.003183779525015349,71.41747736108289,50,0.0196078431372549,0.03137254901960784,True
53,e.g. Exposure to environmental heat,9762,80,0.012682858484353063,0.0002521297246678275,0.002008117313575,19.13026199558112,50,0.0196078431372549,0.03137254901960784,True
53,e.g. Exposure to environmental heat,3448,80,0.17583947281759177,0.000752314283335467,0.005909892323166182,130.72369715766,50,0.0196078431372549,0.03137254901960784,True
63,e.g. Struck against moving part of machinery or equipment,1995,80,0.043231667095684774,-0.002199394603510664,0.00297759743547746,12.904481858518677,50,0.0196078431372549,0.03137254901960784,True
63,e.g. Struck against moving part of machinery or equipment,9720,80,0.003978250203842465,-0.00042611592944995826,0.003640656642213514,1.8953483926519352,50,0.0784313725490196,0.10457516339869281,False
24,"e.g. Pedestrian struck by vehicle in nonroadway area, unspecified",9079,80,0.00011057330582162333,-0.0014194680740904177,0.0017891344770688492,0.05118800492188572,50,0.4117647058823529,0.47058823529411764,False
24,"e.g. Pedestrian struck by vehicle in nonroadway area, unspecified",6671,80,0.025437765586263948,-0.000221766128440214,0.004679297128440156,15.797606760004568,50,0.0196078431372549,0.03137254901960784,True
