target,feature,r,p,freq,p_bh
event:64,6789,0.590633375062067,0.0,0.7098000000003918,0.0
event:64,16283,0.5611334526140507,0.0,0.3023749999999708,0.0
event:64,7505,0.5332099663014751,0.0,0.28844999999997234,0.0
event:64,8648,0.4985001892232669,0.0,0.3215249999999687,0.0
event:64,12524,0.48103656130038724,0.0,0.30999999999996997,0.0
event:43,11453,0.6965875013051617,0.0,0.418874999999958,0.0
event:43,6381,0.560867523229568,0.0,0.16919999999998545,0.0
event:43,9240,0.5568755544819722,0.0,0.5198249999999909,0.0
event:43,2252,0.5548739577350618,0.0,0.15719999999998677,0.0
event:43,12699,0.545493482213493,0.0,0.4151499999999584,0.0
event:62,8056,0.4261251017651748,0.0,0.7796250000005391,0.0
event:62,8890,0.39275256140021464,0.0,0.19009999999998314,0.0
event:62,457,0.3825096497297958,0.0,0.7863250000005533,0.0
event:62,598,0.3541640458270273,0.0,0.7068750000003856,0.0
event:62,14619,0.352732367861266,0.0,0.6005750000001613,0.0
event:42,5180,0.4366299773438479,0.0,0.5171249999999852,0.0
event:42,8707,0.4297958825030534,0.0,0.5163999999999836,0.0
event:42,6443,0.4129627616430621,0.0,0.3666999999999637,0.0
event:42,13242,0.39328833866663554,0.0,0.16562499999998584,0.0
event:42,9240,0.39087507816379513,0.0,0.5198249999999909,0.0
event:27,2896,0.3497151398462444,0.0,0.22189999999997964,0.0
event:27,3881,0.3380085797185803,0.0,0.7029750000003774,0.0
event:27,9079,0.31895358344501606,0.0,0.28917499999997226,0.0
event:27,9517,0.30130566703662437,0.0,0.32634999999996817,0.0
event:27,4184,0.2762335976316835,0.0,0.2922249999999719,0.0
event:53,9762,0.7371013739484527,0.0,0.10434999999999259,0.0
event:53,3448,0.7111144612052145,0.0,0.21009999999998094,0.0
event:53,921,0.5416863235912949,0.0,0.20032499999998202,0.0
event:53,3728,0.4696403855264536,0.0,0.017450000000000243,0.0
event:53,9589,0.3869768350053352,0.0,0.14907499999998766,0.0
event:63,1995,0.3624267476964006,0.0,0.10682499999999231,0.0
event:63,9720,0.35771284224160743,0.0,0.06559999999999686,0.0
event:63,12882,0.3001513890150532,0.0,0.7509500000004786,0.0
event:63,11337,0.27034858303726317,0.0,0.155099999999987,0.0
event:63,5693,0.2430820970273875,0.0,0.6220250000002066,0.0
event:24,9079,0.32457563980132714,0.0,0.28917499999997226,0.0
event:24,6671,0.301213995836407,0.0,0.42629999999995716,0.0
event:24,3346,0.2994165548598337,0.0,0.4075999999999592,0.0
event:24,15605,0.2858203114781726,0.0,0.42182499999995765,0.0
event:24,2678,0.26081416294850773,0.0,0.11859999999999102,0.0
amputation:raw,7505,0.8665164564097572,0.0,0.28844999999997234,0.0
amputation:raw,8648,0.8008171876162224,0.0,0.3215249999999687,0.0
amputation:raw,16283,0.7742032678154535,0.0,0.3023749999999708,0.0
amputation:raw,16147,0.7711686698253186,0.0,0.43352499999995636,0.0
amputation:raw,2565,0.7269228845831948,0.0,0.3940749999999607,0.0
amputation:raw,12524,0.7074818097317233,0.0,0.30999999999996997,0.0
amputation:raw,3481,0.6956582469912587,0.0,0.28124999999997313,0.0
amputation:raw,6975,0.6872958472517866,0.0,0.25762499999997573,0.0
amputation:raw,9861,0.6633085918838029,0.0,0.6121500000001857,0.0
amputation:raw,1382,0.6608039317133365,0.0,0.47984999999995126,0.0
amputation:masked,16283,0.7633873914723968,0.0,0.3023749999999708,0.0
amputation:masked,6789,0.6549260786433846,0.0,0.7098000000003918,0.0
amputation:masked,10317,0.5420835689358853,0.0,0.3687749999999635,0.0
amputation:masked,626,0.5299752942964997,0.0,0.6656750000002987,0.0
amputation:masked,1382,0.5180833456528178,0.0,0.47984999999995126,0.0
amputation:masked,2491,0.510732178638552,0.0,0.3842749999999618,0.0
amputation:masked,9385,0.498201044106904,0.0,0.7000250000003712,0.0
amputation:masked,6045,0.46934060504123437,0.0,0.11309999999999162,0.0
amputation:masked,1381,0.46873476522062657,0.0,0.38822499999996135,0.0
amputation:masked,8197,0.468702213107253,0.0,0.43254999999995647,0.0
