model,task,split,n,macro_f1,macro_f1_lo,macro_f1_hi,weighted_f1,accuracy
B1 TF-IDF+LR,event,test,8762,0.7120000072748345,0.698045404172967,0.7258763761939596,0.8289431053914031,0.8307464049303812
B1 TF-IDF+LR,division,test,8762,0.8073816786450098,0.7865341950851569,0.8305631747557947,0.9323032408696922,0.933462679753481
B1 TF-IDF+LR,division,shift,17527,0.761937540510297,0.7426992701139503,0.7801210242982454,0.919797862391946,0.9187539225195412
M1 DeBERTa-v3,event,test,8762,0.728342426581725,0.7170163409993188,0.7381743323748603,0.8654607396411124,0.8765122118237845
M1 DeBERTa-v3,division,test,8762,0.8116508794873287,0.7984895520884259,0.8273542418149508,0.9510576100709753,0.952864642775622
M1 DeBERTa-v3,division,shift,17527,0.7751513360134339,0.7575666530624794,0.7933771211656846,0.9372850259493769,0.9367832487020026
P-dense L13,event,test,8762,0.6960791720288123,0.6809390100941702,0.711903761154495,0.8221362772304348,0.8283496918511756
P-dense L13,division,test,8762,0.7943731638318998,0.7740557912278849,0.8158287320393208,0.9317979827383914,0.9335768089477289
P-dense L13,division,shift,17527,0.7462747376490495,0.7307633573377442,0.7622915627386251,0.9205236273177411,0.9199520739430593
P-SAE L13,event,test,8762,0.7125796105912435,0.6973307380715515,0.726451167723258,0.8270750850249323,0.8343985391463137
P-SAE L13,division,test,8762,0.8214529585790263,0.7976469146763442,0.8434794135636337,0.9375319020327292,0.9392832686601232
P-SAE L13,division,shift,17527,0.7598214416804058,0.7417953834118719,0.7781733512731778,0.9221327602276278,0.9220631026416386
P-dense L17,event,test,8762,0.6961862259607772,0.6818627272873978,0.709724492010065,0.8231770422422853,0.8290344670166628
P-dense L17,division,test,8762,0.7830565387188297,0.763861185590016,0.8016043251104942,0.9295257730798817,0.9317507418397626
P-dense L17,division,shift,17527,0.7452464747740989,0.7286800137410259,0.7613818422243952,0.9180966466008244,0.9182974838820106
P-SAE L17,event,test,8762,0.7076145575795793,0.6925343436464793,0.7222163194140976,0.8230258007581204,0.8293768545994066
P-SAE L17,division,test,8762,0.8160473442982111,0.7924116128531564,0.8387093884422636,0.9348154072197035,0.936544167998174
P-SAE L17,division,shift,17527,0.7678408887689868,0.7487793520028254,0.786928632464841,0.9252449370955048,0.9250870086152793
