model,split,n,macro_f1,macro_f1_lo,macro_f1_hi,weighted_f1,accuracy,group_by,group
B1 TF-IDF+LR,test,1604,0.6515791425991408,0.6143950792059311,0.6803429993073292,0.8445420841894621,0.8460099750623441,sector,construction
B1 TF-IDF+LR,test,2874,0.6883465769936326,0.6370433575868456,0.7180112693141992,0.8301377801202301,0.8322894919972165,sector,manufacturing
B1 TF-IDF+LR,test,3495,0.7313249826865036,0.7068052349445221,0.7557038121979618,0.8282521841695569,0.8306151645207439,sector,other
B1 TF-IDF+LR,test,789,0.6673625338169306,0.6158726677195493,0.7031302013805213,0.7925338454439996,0.7946768060836502,sector,transport_warehousing
B1 TF-IDF+LR,test,3182,0.7465199334839743,0.7200266675874911,0.7675257014443896,0.8640834438738288,0.8645505971087366,len_tercile,short
B1 TF-IDF+LR,test,2850,0.7147942150241742,0.6851186679573092,0.7399382133606554,0.8352619431215387,0.8382456140350877,len_tercile,medium
B1 TF-IDF+LR,test,2730,0.6397368167174612,0.5884800391873382,0.6679435683969246,0.7802321612132957,0.7835164835164835,len_tercile,long
M1 DeBERTa-v3,test,1604,0.6928750326510958,0.6401401528891161,0.7324919800854645,0.8783410329670803,0.8877805486284289,sector,construction
M1 DeBERTa-v3,test,2874,0.6984777908610686,0.6604502789103637,0.7299218094085483,0.8670194766075674,0.8789144050104384,sector,manufacturing
M1 DeBERTa-v3,test,3495,0.7382539512025386,0.7246629613070487,0.7527721713768959,0.8654596778565763,0.8763948497854077,sector,other
M1 DeBERTa-v3,test,789,0.763580931166515,0.7044715994107079,0.7972105980087087,0.8324379276046795,0.8453738910012675,sector,transport_warehousing
M1 DeBERTa-v3,test,3182,0.7589076165664901,0.7388567054292523,0.7750883135096609,0.8913368622493633,0.9035197988686361,len_tercile,short
M1 DeBERTa-v3,test,2850,0.7249946216257941,0.7041932284365099,0.7416684115276464,0.8705155913864122,0.88,len_tercile,medium
M1 DeBERTa-v3,test,2730,0.6674693990785844,0.6319899104411102,0.7013185917146726,0.8282532291722343,0.8413919413919414,len_tercile,long
P-SAE L13,test,1604,0.6532862356146006,0.5935754454630896,0.6979131341818847,0.8406832280691511,0.8460099750623441,sector,construction
P-SAE L13,test,2874,0.7096529990642759,0.6558475495856843,0.7419053154297878,0.8281637208056944,0.8361169102296451,sector,manufacturing
P-SAE L13,test,3495,0.717951842627999,0.6936926152554674,0.7399645861614441,0.8246911265639799,0.8323319027181688,sector,other
P-SAE L13,test,789,0.7061723851208151,0.6255617812100572,0.7572215235978361,0.8065726612655827,0.8136882129277566,sector,transport_warehousing
P-SAE L13,test,3182,0.7465551278200924,0.7215939353929774,0.7652224672515919,0.8607433949706813,0.8680075424261471,len_tercile,short
P-SAE L13,test,2850,0.7235051491364434,0.6901117630304323,0.7507767683905062,0.8369594230942182,0.843859649122807,len_tercile,medium
P-SAE L13,test,2730,0.6290147814847844,0.5858431073151014,0.6557693158427897,0.7762290124401506,0.7853479853479853,len_tercile,long
