class,title,top_terms
11,"e.g. Hitting, kicking, beating, shoving","patient, assaulted, shot, punched, altercation, was shot, client, stabbed, customer, attacked, pushed, was assaulted"
13,"e.g. Other animal bites, nonvenomous","bit, dog, bitten, attacked, was bitten, cow, horse, stung, bite, snake, cat, kicked"
24,"e.g. Pedestrian struck by vehicle in nonroadway area, unspecified","forklift, struck, backed, truck, ran over, vehicle, was struck, ran, car, by, struck by, over"
27,e.g. Part of occupant s body caught between vehicle and other object in nonroadway transport incident,"forklift, operating, driving, was operating, riding, was driving, collided, atv, pallet jack, jack, backing, was riding"
31,"e.g. Ignition of vapors, gases, or liquids","fire, ignited, burns, burned, burns to, gas, burning, occurred, on fire, torch, flame, fire occurred"
32,"e.g. Explosion of pressure vessel, piping, or tire","exploded, explosion, blew, an explosion, tire, blew up, ruptured, exploded the, burst, explosion occurred, burns, the tire"
40,"Fall, slip, trip, unspecified ","fell, employee fell, slipped, fall, he fell, fell and, fell onto, tripped, employee slipped, he broke, slipped and, when he"
42," Slip, trip, stumble while stepping between levels","fell, tripped, and fell, slipped, slipped on, hip, tripped over, employee fell, floor, walking, he tripped, fell on"
43,"e.g. Other fall to lower level, unspecified","fell, feet, ladder, and fell, employee fell, he fell, off, stairs, fell from, fall, fell approximately, step"
51,"e.g. Direct exposure to electricity, unspecified","shocked, electrical, shock, arc, was shocked, burns, power, flash, arc flash, an arc, energized, an electrical"
53,e.g. Exposure to environmental heat,"heat, dehydration, hot, burns, burned, steam, molten, burning, degree, for dehydration, water, exhaustion"
55,"e.g. Exposure through intact skin, eyes, or other exposed tissue","chemical, acid, caustic, respiratory, exposure, reaction, chemical burns, ammonia, chemicals, splashed, inhaled, carbon monoxide"
60,"Contact with objects and equipment, unspecified","finger, amputation, amputated, lacerated, crushed, fingertip, machine, thumb, hand fingertip, employee head, steel, metal"
62,e.g. Injured by slipping or swinging object held by injured worker,"fell on, fell, rolled, struck, knife, and struck, door, fell onto, dropped, it, was struck, striking"
63,e.g. Struck against moving part of machinery or equipment,"saw, blade, fan, table saw, contacted, bandsaw, stepped on, lacerated, struck, head on, cut, table"
64,e.g. Caught in running equipment or machinery during regular operation,"machine, caught, press, finger, between, conveyor, between the, pinched, activated, chain, amputated, thumb"
71,e.g. Overexertion in lifting-single episode,"lifting, hernia, back, pain, pulling, was lifting, felt, while lifting, patient, strain, to lift, pushing"
99,e.g. Nonclassifiable,"found, was found, employee injured, june 2015, deer, loading, between, an employee, while working, injury with, forklift, an"
other,Other (rare classes merged),"jumped, vessel, barge, ship, horse, collapsed, boat, twisted, riding, caught on, deck, was riding"
