id,narrative,true,pred_label,error_type
2023010504,"An employee was preparing to help a patient on a stretcher get from a helicopter to an emergency room. The employee walked up a ramp to a helipad when he slipped and fell backward, landing on his back and striking his head on the helipad. He then tumbled off the helipad and contacted the safety fence surrounding the helipad. The employee suffered a compression fracture of his L2 vertebra.",42 e.g. Fall on same level due to slipping,"43 e.g. Other fall to lower level, unspecified",
2023054552,"At about 9:15 a.m. on May 22, 2023, an employee was using a 5-pound hammer to remove the weld on a pipe support and knock the support lose. The hammer missed the support; the employee's left index finger struck the support and was lacerated and broken. The fingertip was medically amputated.",63 e.g. Struck against moving part of machinery or equipment,62 e.g. Injured by slipping or swinging object held by injured worker,
2023076305,An employee was removing tree brush when they began to experience difficulty breathing and collapsed. The employee was hospitalized.,53 e.g. Exposure to environmental heat,71 e.g. Overexertion in lifting-single episode,
2023087571,"An employee was fixing a tangled wire from a multi-block machine when their finger got caught. In removing their finger, they sustained an amputation to their right middle finger (first knuckle).","60 Contact with objects and equipment, unspecified",64 e.g. Caught in running equipment or machinery during regular operation,
2023010453,"An employee was assisting with a scrap metal drop-off at a scrapyard. While unloading, the employee fell onto his left knee in the bed of a pickup truck and rolled his leg. The employee sustained a left knee ligament tear.",42 e.g. Fall on same level due to slipping,"43 e.g. Other fall to lower level, unspecified",
20231110287,"An employee was aloft in a tree cutting tree limbs. He was using a rope system and while repositioning, he slipped on moss that was on the tree bark and struck his knee awkwardly on the tree. The employee sustained a fractured kneecap and was hospitalized.",other Other (rare classes merged),42 e.g. Fall on same level due to slipping,
2023076597,An employee was working in the grill area when they fell and struck their head on the ground. The employee sustained fractures to the face and jaw as well as brain trauma.,"40 Fall, slip, trip, unspecified",42 e.g. Fall on same level due to slipping,
2023109540,"An employee was manufacturing a diesel gas tank and installing the top sheet of steel. As they were using a magnet to guide a 4-foot by 8-foot steel sheet into position, the sheet released from the magnet and amputated the employee's thumb.",62 e.g. Injured by slipping or swinging object held by injured worker,64 e.g. Caught in running equipment or machinery during regular operation,
2023010668,"An employee was preparing to load product onto a trailer and was arranging stacks of milk. The hydraulic arm of the dolly loader came forward, pinning his right ankle. The employee sustained a right ankle fracture.",64 e.g. Caught in running equipment or machinery during regular operation,62 e.g. Injured by slipping or swinging object held by injured worker,
2023099046,"An employee was in a 4-foot excavation laying pipe. The ditch gave way, falling onto the employee and fracturing his hip.",other Other (rare classes merged),"43 e.g. Other fall to lower level, unspecified",
2023076764,"An employee was walking on a sidewalk/curb. As they stepped off the concrete and onto the grass, the employee fell, sustaining a head wound, a fractured hip, and lacerations.","40 Fall, slip, trip, unspecified",42 e.g. Fall on same level due to slipping,
2023087494,"An employee was exiting a wet trailer ramp near the end of their shift when they slipped and twisted their left ankle, resulting in a fracture. They were hospitalized and had surgery.",other Other (rare classes merged),42 e.g. Fall on same level due to slipping,
2023021123,"An employee was guiding film into a pouch-filling machine while the machine was jogging and the employee's right index finger contacted the cutting blade, resulting in a fingertip amputation.",63 e.g. Struck against moving part of machinery or equipment,64 e.g. Caught in running equipment or machinery during regular operation,
20231211625,"On December 26, 2023, an employee went out to the parking lot to troubleshoot the starter of an SUV. The employee was underneath the vehicle when it started and moved and the employee's middle back area was caught under the front passenger-side tire. The employee sustained a fractured collar bone.",62 e.g. Injured by slipping or swinging object held by injured worker,64 e.g. Caught in running equipment or machinery during regular operation,
20231010042,"An employee was using a drill press when their right ring finger contacted the drill bit, resulting in amputation.",63 e.g. Struck against moving part of machinery or equipment,64 e.g. Caught in running equipment or machinery during regular operation,
2023098138,"An employee was packaging bricks. As they were pulling a pallet on a monorail system, the employee's finger was run over by a pallet. Their fingertip was amputated.",64 e.g. Caught in running equipment or machinery during regular operation,62 e.g. Injured by slipping or swinging object held by injured worker,
20231110372,"An employee was stepping off a boat onto a rocky river bank. He tripped due to the uneven walking surface and fell, suffering a broken right tibia.",other Other (rare classes merged),42 e.g. Fall on same level due to slipping,
2023032861,An employee was cleaning product from a belt and sustained a laceration to the right hand that resulted in surgical amputation of digits.,64 e.g. Caught in running equipment or machinery during regular operation,"60 Contact with objects and equipment, unspecified",
2023054652,"An employee was riding as a passenger in the cab of a garbage truck that was driving in a parking lot. As the employee exited the truck, it ran over the employee's right leg and foot and their left foot and ankle. The employee sustained a right leg amputation below the knee and multiple left foot/toe fractures that required hospitalization.","24 e.g. Pedestrian struck by vehicle in nonroadway area, unspecified",27 e.g. Part of occupant s body caught between vehicle and other object in nonroadway transport incident,
2023032782,"A driver had parked the truck and unstrapped the load. As she was picking up the load straps, her right hand was on the flatbed trailer. A forklift operator started to unload the trailer and a container came down on the driver's right ring finger, resulting in a fingertip amputation.",99 e.g. Nonclassifiable,62 e.g. Injured by slipping or swinging object held by injured worker,
2023032422,An employee was feeding kale into a food processor when their hand slipped and the blade of the food processor amputated their right middle fingertip.,63 e.g. Struck against moving part of machinery or equipment,64 e.g. Caught in running equipment or machinery during regular operation,
2023054697,"An employee was moving a patient off one bed and onto another using a draw sheet to assist the patient with a ""log roll."" The patient rolled off the bed and onto the employee, pinning the employee's leg underneath. They sustained a right lower leg fracture.",other Other (rare classes merged),62 e.g. Injured by slipping or swinging object held by injured worker,
2023098757,An employee was participating in volleyball warm-up practice. The employee was serving volleyballs overhead when he suffered a hernia and was hospitalized.,other Other (rare classes merged),71 e.g. Overexertion in lifting-single episode,
2023032297,An employee was changing an embossing unit on a die cutting machine when the die dropped to the floor. The employee's hands were pinched between the die and the support arms of the unwind unit of the die cutter. The employee sustained a fractured finger and lacerations to their hands and fingers.,62 e.g. Injured by slipping or swinging object held by injured worker,64 e.g. Caught in running equipment or machinery during regular operation,
2023054077,An employee was walking upstairs to a patient's apartment when they missed a step and fell to the concrete floor. The employee sustained rib fractures.,42 e.g. Fall on same level due to slipping,"43 e.g. Other fall to lower level, unspecified",
2023010781,"An employee was going to clean build-up from the roller cylinders on a machine. As he was walking to the machine, he slipped and his left hand was caught between two cylinders, which resulted in a degloving injury that required hospitalization.",42 e.g. Fall on same level due to slipping,64 e.g. Caught in running equipment or machinery during regular operation,
2023087987,"An employee was putting away a stack of unassembled boxes from the dock. While she was maneuvering the top bundle onto a pallet, stacked bundles fell, pushing the employee backward. Her head struck part of the forklift mast, resulting in a skull contusion.",42 e.g. Fall on same level due to slipping,62 e.g. Injured by slipping or swinging object held by injured worker,
2023109227,The injured employee was installing fan belts and alternators. Another employee came into the work area with a torque gun and began poking the injured employee with the tip of the torque gun and then activated the tool. The spinning tip of the torque gun caught the injured employee's left glove and amputated her middle finger.,other Other (rare classes merged),62 e.g. Injured by slipping or swinging object held by injured worker,
2023054499,An employee was dumping a self-tipping hopper into a roll off bin. The hopper came back unexpectedly and amputated the employee's left index fingertip. Their left middle finger was also fractured.,64 e.g. Caught in running equipment or machinery during regular operation,62 e.g. Injured by slipping or swinging object held by injured worker,
2023021210,"An employee slipped on an icy roof surface and fell to the ground, sustaining a possible leg fracture.","43 e.g. Other fall to lower level, unspecified",42 e.g. Fall on same level due to slipping,
2023064928,An employee was testing a rental electric scooter for a customer when they fell and sustained a left arm fracture that required hospitalization.,27 e.g. Part of occupant s body caught between vehicle and other object in nonroadway transport incident,other Other (rare classes merged),
2023087379,"An employee was preparing a vessel's containers for discharge. He was descending the access ladder when he fell. After walking about 25 feet, he fell a second time on the weather deck. He sustained a contusion to the left shoulder and left leg. He also suffered from a headache due to internal bleeding in the brain.",other Other (rare classes merged),"43 e.g. Other fall to lower level, unspecified",
2023076660,"A maintenance employee was clearing a clogged rotary airlock. As they reached for the chute, the employee contacted the rotary airlock, resulting in partial amputations to the left index and middle fingers.",63 e.g. Struck against moving part of machinery or equipment,64 e.g. Caught in running equipment or machinery during regular operation,
2023042927,"An employee was signaling a trackhoe to connect a 37-foot long, 36-inch steel cement-lined pipe to an existing pipe. While pulling the pipes together, the strap around the pipe slipped and struck the employee across his right hip and left shoulder.",99 e.g. Nonclassifiable,62 e.g. Injured by slipping or swinging object held by injured worker,
2023065185,"An employee was performing a pressure check and leak test on a unit when nitrogen gas was released from a valve core removal tool. The nitrogen gas was injected into the employee's right hand, resulting in a burn to the skin, swelling, and pain.",53 e.g. Exposure to environmental heat,"55 e.g. Exposure through intact skin, eyes, or other exposed tissue",
2023021650,"An employee was inside an aircraft loading freight containers. As she was pulling a container, her foot became caught under the wing lock, resulting in a foot fracture.",62 e.g. Injured by slipping or swinging object held by injured worker,64 e.g. Caught in running equipment or machinery during regular operation,
2023064852,"An employee was preparing to help install a chute to a concrete bucket. The base rim of the concrete bucket came down on the employee's left foot, resulting in a fracture and laceration to the fourth toe and a laceration to the fifth toe. The employee was hospitalized.","60 Contact with objects and equipment, unspecified",62 e.g. Injured by slipping or swinging object held by injured worker,
2023021167,"An employee was moving packages from a line. An irregular metal package with nylon mesh on it came down the slide and crushed the employee's finger, causing a partial amputation including the loss of the nail.",64 e.g. Caught in running equipment or machinery during regular operation,62 e.g. Injured by slipping or swinging object held by injured worker,
2023109373,A temporary employee was putting a choker tube on a piler. A C-door was lowered onto their right foot. The employee's foot was crushed.,"60 Contact with objects and equipment, unspecified",64 e.g. Caught in running equipment or machinery during regular operation,
2023032107,An employee was cleaning printing plates when three fingers on their left hand were amputated. The employee was hospitalized and underwent surgery.,64 e.g. Caught in running equipment or machinery during regular operation,"60 Contact with objects and equipment, unspecified",
20231010043,"An employee was moving a loaded lift from an aisle when it became wedged in the aisle and abruptly stopped, throwing the employee. The employee suffered a concussion, and fractures to two neck vertebrae and the left scapula.",27 e.g. Part of occupant s body caught between vehicle and other object in nonroadway transport incident,other Other (rare classes merged),
2023098319,An employee was unloading a roll-off container when their leg was fractured by the truck's hoist.,"60 Contact with objects and equipment, unspecified",62 e.g. Injured by slipping or swinging object held by injured worker,
2023032249,An injured employee was found outside next to the building approximately 15 feet from the cab of his truck. The employee sustained neck injuries from a possible fall due to snow and ice and went into cardiac arrest.,42 e.g. Fall on same level due to slipping,other Other (rare classes merged),
2023109144,"On October 4, 2023, an employee was performing a walkaround of the grounds when they fell off the edge of a sidewalk onto their shoulder. The employee suffered a left humerus fracture and dislocation, requiring hospitalization and surgery.",42 e.g. Fall on same level due to slipping,"43 e.g. Other fall to lower level, unspecified",
2023054310,An employee was installing a tilt cylinder on a lift truck at a customer's site. He was using a pry bar to align a pin when the pry bar slipped. His left middle fingertip was caught and amputated in a pinch point.,64 e.g. Caught in running equipment or machinery during regular operation,62 e.g. Injured by slipping or swinging object held by injured worker,
2023087386,An employee was loading a mix tank with cyanoacrylate. The drum was elevated on a drum tipper with a plastic spout attached. The employee went to open the spout but the entire spout came out of the drum. The cyanoacrylate splashed onto the employee saturating the left sleeve of their shirt. The employee removed the saturated garment but had already sustained burns from the shirt adhering to their arm. The employee was hospitalized with second- and third-degree burns.,"55 e.g. Exposure through intact skin, eyes, or other exposed tissue",53 e.g. Exposure to environmental heat,
2023043084,"An employee was working on a belt in an air handling unit and disconnected the power source. As the fan belt was coming to a complete stop, the employee's left fourth fingertip was amputated. The employee also sustained a displaced fracture of the left second finger and a laceration to the third finger at the distal-most joint.",63 e.g. Struck against moving part of machinery or equipment,64 e.g. Caught in running equipment or machinery during regular operation,
2023054022,"An employee was riding an electric bicycle to get from one production site to another when they tripped and fell, resulting in head trauma.",other Other (rare classes merged),42 e.g. Fall on same level due to slipping,
2023010331,An employee was removing the grinding wheels from the oven shelf when they became dizzy and disoriented. The employee was hospitalized.,99 e.g. Nonclassifiable,71 e.g. Overexertion in lifting-single episode,
2023109139,Employees were using a powered industrial truck (PIT) to move steel dock plates into a scrap dumpster. The injured employee was giving hand signals/directions to the PIT operator when his hand became caught between the forks of the PIT and a steel plate. A finger was partially amputated.,"60 Contact with objects and equipment, unspecified",27 e.g. Part of occupant s body caught between vehicle and other object in nonroadway transport incident,
2023087067,"An employee had just finished inspecting a steel pipe and rolled it forward to begin inspecting the next pipe. The pipe rolled back and caught his finger between both pipes, resulting in a crush injury to the fingertip that required medical amputation.",62 e.g. Injured by slipping or swinging object held by injured worker,64 e.g. Caught in running equipment or machinery during regular operation,
2023043712,"An employee was cutting concrete on a footer to remove a damaged inbuilding riser. During the cutting process, the employee stepped to the side to change location, slipped in the mud, and the blade of the cutoff saw lacerated his left knee.",42 e.g. Fall on same level due to slipping,62 e.g. Injured by slipping or swinging object held by injured worker,
2023087312,"An employee was preparing to sandblast a tank while standing on a scaffold. The employee put his hood over his head and realized that the breathing air was not turned on. As he took off the helmet and set it to the side, the sandblaster activated and started whipping through the air. He tried to catch the hose and was hit by the blast media, knocking him off the scaffold. He sustained a broken nose, laceration of the right eye, and had abrasive media injected into his right cheek.","43 e.g. Other fall to lower level, unspecified",62 e.g. Injured by slipping or swinging object held by injured worker,
20231110153,"After grabbing a bucket from the landscaping trailer, the employee went to jump down when his foot was caught on a strap. The employee fell to the ground, landing on his back and sustaining an injury.","43 e.g. Other fall to lower level, unspecified",42 e.g. Fall on same level due to slipping,
2023076268,An employee was helping to put out a fire in a wok when hot cooking oil splashed onto the employee. They sustained second-degree burns.,"31 e.g. Ignition of vapors, gases, or liquids",53 e.g. Exposure to environmental heat,
2023098996,"Two employees were engaged in a fight while the injured employee was working from a ladder. The co-worker pulled the ladder from underneath the injured employee, causing them to fall to the ground. The injured employee sustained a foot fracture and back injury.","11 e.g. Hitting, kicking, beating, shoving",other Other (rare classes merged),
2023087837,"An employee was using a sickle to clean vines and leaves from a conveyor. The sickle was caught by the machine and the tool struck the employee s hand, pushing it toward a sharp edge on the structure. Two fingers on his right hand were partially amputated.",64 e.g. Caught in running equipment or machinery during regular operation,62 e.g. Injured by slipping or swinging object held by injured worker,
2023032558,"An employee picked up a load of liquid carbon dioxide and disconnected the hoses from the trailer. While taking a sample of product, the valve opened and a release of pressure knocked him to the ground. The employee was hospitalized with a head injury.",42 e.g. Fall on same level due to slipping,62 e.g. Injured by slipping or swinging object held by injured worker,
2023098136,"An employee was receiving a 32-by-8 panel wall that weighed 3,500 pounds. As the crane was going up, the cable of one of the clanks became caught on the panel wall. The panel wall collapsed and struck the employee's right leg, resulting in right leg fractures and amputation below the knee.",other Other (rare classes merged),62 e.g. Injured by slipping or swinging object held by injured worker,
2023021497,"An employee was helping a client when they pushed the injured employee off the stairs. The employee sustained rib fractures, a concussion, and head bleeding.","11 e.g. Hitting, kicking, beating, shoving",other Other (rare classes merged),
2023021520,An employee was adjusting the flat scratcher of a sweep cultivator when the metal tube of the scratcher slid down and caught the tip of the employee's left thumb between the pipe and C-clamp. The employee sustained a left thumb tip amputation.,"60 Contact with objects and equipment, unspecified",64 e.g. Caught in running equipment or machinery during regular operation,
2023076192,"An employee was installing support bars on a gin pole truck when the hydraulic cylinder moved and struck the employee. This caused the bars to fall and strike the employee. The employee then fell onto the concrete floor, sustaining fractures to a rib, vertebrae, and the pelvis, as well as a head contusion.","43 e.g. Other fall to lower level, unspecified",42 e.g. Fall on same level due to slipping,
2023043112,"An employee was replacing bolts on the sawmill chip bin auger coupling. As he was replacing the last bolt, the system activated, catching his leg and causing him to fall through the auger system. He sustained a below-the-knee amputation to his left leg. The employee was wearing fall protection and was caught by his lanyard during the fall.",64 e.g. Caught in running equipment or machinery during regular operation,"43 e.g. Other fall to lower level, unspecified",
20231110858,An employee was assembling the jib extension on a 135-ton crane when the jib extension was pulled on top of the employee. The employee was hospitalized.,"60 Contact with objects and equipment, unspecified",62 e.g. Injured by slipping or swinging object held by injured worker,
20231211021,"An employee was preparing to move a large electrical box (switch gear unit) with an overhead bridge crane. As the switch gear box was lifted off the ground, the box shifted toward the employee crushing him against an air conditioning unit for the power control room. The employee sustained broken ribs and a lacerated kidney on the left side.",62 e.g. Injured by slipping or swinging object held by injured worker,64 e.g. Caught in running equipment or machinery during regular operation,
2023054418,"A roofing employee was installing tile underlayment using a hot asphalt application. The employee slipped and grabbed a bucket of hot tar to gain balance. The hot tar then spilled on the employee, and he fell from a one-story roof onto the bushes below. The employee sustained burns on his arms and back.",53 e.g. Exposure to environmental heat,"43 e.g. Other fall to lower level, unspecified",
2023043400,An employee was investigating a leak in a clean-in-place system. The system sent cleaning solution to a valve that was not connected and the employee was sprayed with the hot water and caustic soda mixture. The employee sustained first and second-degree burns to the abdomen.,53 e.g. Exposure to environmental heat,"55 e.g. Exposure through intact skin, eyes, or other exposed tissue",
2023043167,"An employee was maneuvering an electric pallet jack into a walk-in cooler. When he lowered the forks on the pallet jack, his left foot was crushed beneath it, resulting in multiple fractures.",62 e.g. Injured by slipping or swinging object held by injured worker,27 e.g. Part of occupant s body caught between vehicle and other object in nonroadway transport incident,
2023098740,"An employee was cutting wood pieces on a table saw when the rotating blade contacted two fingers, resulting in amputation of the index and middle fingers at the first knuckle.",64 e.g. Caught in running equipment or machinery during regular operation,63 e.g. Struck against moving part of machinery or equipment,
2023076898,An employee was in a patient's room. The employee was restraining the patient when the employee passed out from overexertion.,71 e.g. Overexertion in lifting-single episode,other Other (rare classes merged),
2023087550,"An employee pushed a button to open the dock lock on the bumper of a semi-trailer, but it didn't release properly. The employee went to manually release the dock lock and the truck started moving, crushing his right hand between the lock hook and the bumper. The employee sustained multiple hand fractures.",64 e.g. Caught in running equipment or machinery during regular operation,62 e.g. Injured by slipping or swinging object held by injured worker,
2023088047,An employee was working in a scissor lift when the scissor lift was struck by a forklift. The scissor lift fell over and the employee landed on the ground. The employee was hospitalized with multiple fractures.,"24 e.g. Pedestrian struck by vehicle in nonroadway area, unspecified","43 e.g. Other fall to lower level, unspecified",
2023043450,"An employee was observing a customer load a rental skid steer and mower deck. The customer laid the mower deck on top of a D-ring and lowered the mower deck. It crushed the employee's right middle finger, resulting in a partial amputation.",64 e.g. Caught in running equipment or machinery during regular operation,62 e.g. Injured by slipping or swinging object held by injured worker,
2023032711,"On March 27, 2023, an employee fell from the back of a traffic truck while it was performing a U-turn. The employee landed on the ground and sustained injury to the neck and back.",other Other (rare classes merged),27 e.g. Part of occupant s body caught between vehicle and other object in nonroadway transport incident,
2023043635,An employee was repositioning a brake press when they were struck and pinned by it.,"60 Contact with objects and equipment, unspecified",64 e.g. Caught in running equipment or machinery during regular operation,
2023098423,"An employee was taking a bar roll off a drip shield apparatus. The bar was not fully disconnected when it snapped back into place, resulting in a partial amputation of the right index finger.","60 Contact with objects and equipment, unspecified",64 e.g. Caught in running equipment or machinery during regular operation,
20231211470,"An employee was operating a tow truck when he noticed one of the chains needed to be tightened. The employee pulled off to the side of the highway on the sloped ramp and put a 4x4 block under the truck he was towing. The employee then loosened the chains, pulled back the lift bar, and walked between the two vehicles. The towed vehicle rolled over the 4x4 block and pinned him against the tow truck. The employee's left leg was amputated and the right leg required surgery. The employee was hospitalized.",62 e.g. Injured by slipping or swinging object held by injured worker,"24 e.g. Pedestrian struck by vehicle in nonroadway area, unspecified",
2023010816,An employee was loading a ladder and tools onto a truck. The employee was found on the ground next to the truck unconscious; the employee sustained a head injury.,"40 Fall, slip, trip, unspecified",other Other (rare classes merged),
2023065472,"Employees were installing wooden power line poles. Two wooden poles had been laid adjacent and parallel to each other on the ground, with one end of each pole placed on a 16-inch stand to allow for drilling. The injured employee was between the two poles performing drilling on one of the poles. The other pole then shifted and contacted the employee s leg, resulting in a leg fracture that required hospitalization.",62 e.g. Injured by slipping or swinging object held by injured worker,64 e.g. Caught in running equipment or machinery during regular operation,
2023053977,"An employee was working when their foot was caught between a walkie and the cooler wall, resulting in a right foot injury.",99 e.g. Nonclassifiable,64 e.g. Caught in running equipment or machinery during regular operation,
2023043322,"Employees were erecting structural steel. The injured employee was sitting on a 12"" wide horizontal member and lining up an I-beam brace as it was suspended by an overhead crane. He leaned left to push the end of the brace. The end of the suspended brace swung away from him, causing him to lose balance and fall 8 feet. His personal fall arrest system arrested his fall, but he swung into a piece of duct work during the fall that resulted in a concussion.",other Other (rare classes merged),"43 e.g. Other fall to lower level, unspecified",
2023065507,An employee was guiding a forklift driver in a semi-trailer when a printer head on the forklift tipped over and struck them. They sustained fractures to the collarbone and three ribs.,62 e.g. Injured by slipping or swinging object held by injured worker,27 e.g. Part of occupant s body caught between vehicle and other object in nonroadway transport incident,
2023032325,An employee was struck by a pallet mounted on a forklift and knocked to the ground. The employee was hospitalized with a back injury.,"24 e.g. Pedestrian struck by vehicle in nonroadway area, unspecified",62 e.g. Injured by slipping or swinging object held by injured worker,
2023043486,"On April 19, 2023, an employee was assembling a hose and performing a pull test. During the pull test, the employee's left index fingertip was amputated by the longitudinal pull tester.","60 Contact with objects and equipment, unspecified",64 e.g. Caught in running equipment or machinery during regular operation,
2023010546,An employee was putting air in a tire when the tire blew off the machine it was on. The employee was struck by the tire and sustained a right forearm fracture and injuries to the right eye and ear.,"32 e.g. Explosion of pressure vessel, piping, or tire",62 e.g. Injured by slipping or swinging object held by injured worker,
2023075887,"On July 3, 2023, an employee was putting ice pallets away with a forklift when another forklift collided with the employee's forklift and crushed their left thumb, resulting in an amputation.",other Other (rare classes merged),27 e.g. Part of occupant s body caught between vehicle and other object in nonroadway transport incident,
20231110649,"An employee was closing the roll-down door of a trailer. When he reached above for the handle, his hand went into a space between door panels. His right ring finger was caught between the panels as the door closed, resulting in a fingertip amputation without loss of bone.",64 e.g. Caught in running equipment or machinery during regular operation,62 e.g. Injured by slipping or swinging object held by injured worker,
2023087813,An employee and a co-worker were troubleshooting a sensor on a piece of equipment that was malfunctioning when the injured employee was struck by the metal machine frame. They sustained lacerations to the kidneys and spleen.,"60 Contact with objects and equipment, unspecified",62 e.g. Injured by slipping or swinging object held by injured worker,
2023109925,"An employee was connecting two dollies together when his left middle finger was crushed by a dolly, resulting in a partial amputation.",62 e.g. Injured by slipping or swinging object held by injured worker,64 e.g. Caught in running equipment or machinery during regular operation,
2023054012,"An employee was manually transferring boxes of freight from a pallet on the floor to a stock cart. While bending down to grab the freight, the employee was positioned with one foot on the pallet and the other foot on the floor. The employee then stood up and stepped off the pallet, lost balance and fell backward to the floor, fracturing their right hip.",42 e.g. Fall on same level due to slipping,"43 e.g. Other fall to lower level, unspecified",
2023010215,A crane went to pick up a load and an employee's fingertip became caught and amputated.,"60 Contact with objects and equipment, unspecified",64 e.g. Caught in running equipment or machinery during regular operation,
2023032054,"An employee was cleaning pulp stock using a fire hose. The employee's hard hat fell off and the employee reached to grab it, causing them to fall off the working platform into the pulp stock. The employee sustained second-degree burns.","43 e.g. Other fall to lower level, unspecified",53 e.g. Exposure to environmental heat,
2023054144,"An employee was loading and unloading tires from the back of a pickup truck when they slipped and fell, striking the back of their head on the forklift. They sustained a skull fracture.","40 Fall, slip, trip, unspecified","43 e.g. Other fall to lower level, unspecified",
2023065134,An employee suffered amputations to the right index and middle fingertips while using a slicing machine.,63 e.g. Struck against moving part of machinery or equipment,64 e.g. Caught in running equipment or machinery during regular operation,
2023032005,"An employee was supervising the production of mailbox parts when the folding worktable collapsed. The employee tried to catch the table and her right index fingertip was caught between the tabletop and the metal cart beneath it, resulting in amputation.",62 e.g. Injured by slipping or swinging object held by injured worker,64 e.g. Caught in running equipment or machinery during regular operation,
2023065471,"An employee was using a roustabout. As he was lowering the hook for the cable and pulling the slack out of it, the lift began to tip over. The employee went to move out of the way but tripped and fell in the process. The lift then fell on the employee, lacerating his left leg and abdomen.",62 e.g. Injured by slipping or swinging object held by injured worker,42 e.g. Fall on same level due to slipping,
2023109783,An employee was helping an operator with a stuck powered industrial vehicle (PIV) when their clothing got caught and their hand was pulled into the wheel/tire. The employee sustained a finger amputation.,"24 e.g. Pedestrian struck by vehicle in nonroadway area, unspecified",64 e.g. Caught in running equipment or machinery during regular operation,
2023054553,"An employee was adjusting the locking chain on the rear hatch of a dump truck. The hatch shifted and pinched the employee's fingertip, resulting in amputation.",62 e.g. Injured by slipping or swinging object held by injured worker,64 e.g. Caught in running equipment or machinery during regular operation,
2023087523,"An employee was making a delivery via bicycle when the basket rod came loose. The employee fell off the bicycle and sustained rib fractures, a wrist injury, and a concussion.",other Other (rare classes merged),"43 e.g. Other fall to lower level, unspecified",
2023043189,"An employee was stepping out of or into a vehicle when their foot became stuck between the curb and the vehicle, causing the employee to fall and sustain an ankle fracture.",42 e.g. Fall on same level due to slipping,"43 e.g. Other fall to lower level, unspecified",
