id,narrative,event_full,event_title,looks_miscoded
2023021620,An employee was operating a forklift when they were found unresponsive on the warehouse floor. The employee sustained a contusion on the left side of the head.,9999,Nonclassifiable,
20231110870,An employee was reviewing paperwork when they were struck by a forklift. The employee sustained a broken leg.,2440,"Pedestrian struck by vehicle in nonroadway area, unspecified",
2023032038,"An employee slipped on a wet, newly cleaned floor, fell, and sustained three fractures to her pelvis.",422,Fall on same level due to slipping ,
2023064856,"An employee was exiting his dump truck. The truck bed was touching high-voltage power lines, resulting in electric shock and electrical burns.",5122,"Indirect exposure to electricity, greater than 220 volts",
20231211008,A letter carrier was delivering mail when a dog attacked him. The employee's right index fingertip was amputated at the first knuckle.,1313,"Other animal bites, nonvenomous",
2023031905,"An employee was lifting brass rebar material off a flatbed truck with a hoist and nylon straps when the material fell out of the sling and struck the employee, knocking them to the ground and pinning them against the truck. The employee suffered injuries to their hip/pelvic region, as well as abrasions to their right forearm and the back of their head.",6233,Struck by object falling from vehicle or machinery-other than vehicle part,
2023087407,"An employee was adjusting a part while working on a horizontal mill. The part was a 2,000 pound block of metal, connected to a lifting magnet. The block of metal came out of the vise while the employee was using the crane pendant. The employee's left arm was amputated about 4'' below the shoulder socket. The employee was hospitalized.",6233,Struck by object falling from vehicle or machinery-other than vehicle part,
2023010332,"An employee was using a jib crane and rigging sling to move a piece of equipment. The sling pinched his left index finger, causing the amputation of the fingertip.",6412,Caught in running equipment or machinery during regular operation,
2023054459,"An employee was working at a 6-foot height on a ladder, replacing a window vent on a greenhouse. The ladder shifted and fell; the employee fell with it, then landed on it as he hit the ground. He suffered a bruise to the left forearm and his hip was broken in multiple places. He was hospitalized.",4332,Other fall to lower level 6 to 10 feet,
2023054146,"An employee was cutting two metal valves using an alligator shear when the part he was cutting rolled over his hand, causing his right index finger to contact the blade. The employee sustained a partial amputation below the nail.",6311,Struck against moving part of machinery or equipment,
2023109216,"An employee was carrying scaffolding boards down from a higher level when he struck his head on a beam, lost balance, and fell approximately 4 feet to the top landing of a stairwell where the scaffolding was located, then rolled down the stairs approximately 5 feet below the top landing. The employee sustained a fractured pelvis, a laceration to his right palm, and bruising to the right side of his hip.",4332,Other fall to lower level 6 to 10 feet,
2023076270,An employee was assembling trusses when they began experiencing heat-related illness. The employee was hospitalized for dehydration.,531,Exposure to environmental heat,
2023043573,The injured employee ducked under flooring materials that were on a cart being moved by another employee. The materials struck the injured employee resulting in a laceration under their eye.,6222,Struck by rolling object or equipment being pushed by another  person,
2023010434,"An employee was opening trailer doors when the cardboard bales inside of the trailer caused the door to spring open. The employee was knocked over and the cardboard bales fell out onto him, resulting in a right leg fracture.",6233,Struck by object falling from vehicle or machinery-other than vehicle part,
2023010477,An employee was helping to clear a clog of compacted dust in the silo and rotary valve on the dust collection system when they sustained an amputation of the right thumb above the first joint.,6411,"Caught in running equipment or machinery during maintenance, cleaning ",
2023065489,"An employee was fixing the automated 5-gallon bottling machine that had an empty bottle jam. When the jam was fixed, the machine activated and pinned the employee's legs between the robotic arm and the bottle racks. The employee sustained fractures to both tibias.",6411,"Caught in running equipment or machinery during maintenance, cleaning ",
2023043674,"An employee was working on a pickup truck. While working on the ground near the front of the truck, he released a clamping pin that held together the lower engine coolant line. The coolant pressure rapidly blew the hose apart, causing the hot coolant to strike the employee's face, chest, and upper arms. The employee was hospitalized with burns to his upper body and face.",533,Contact with hot objects or substances,
2023032791,"An employee was performing maintenance and removing fibers from a chain and sprocket. Slight pressure on the chain caused the sprocket shaft to spin freely. The employee's right hand was caught in the chain and sprocket, partially amputating their ring finger.",642,Compressed or pinched by shifting objects or equipment,
20231211665,An employee was clearing a jam from the label cutting machine when their left middle finger was partially amputated.,6411,"Caught in running equipment or machinery during maintenance, cleaning ",
2023021420,An employee was descending a ladder when he fell to the ground below. The employee sustained a dislocated shoulder and potential internal injuries.,4330,"Other fall to lower level, unspecified",
2023010396,An employee was putting merchandise away when they slipped on a blue bin rolling cart and fell. The employee was hospitalized for a left hip fracture.,422,Fall on same level due to slipping ,
2023054369,"An employee was unloading tools. As they stepped off a lift gate of a box truck to the trailer, their left knee buckled, causing the right knee to buckle as well. The employee sustained a right knee fracture and a ruptured quadriceps tendon on the left and right leg.",7371,"Boarding, alighting-excluding slip, trip, fall-single episode",
2023043566,"An employee was moving cars off a semi-trailer parked at a car dealership. The employee slipped and fell off the trailer deck to the ground below, resulting in multiple fractures.",4330,"Other fall to lower level, unspecified",
2023021177,"An employee slipped in a parking lot and fell to the ground, suffering a head laceration and a concussion.",422,Fall on same level due to slipping ,
2023010331,An employee was removing the grinding wheels from the oven shelf when they became dizzy and disoriented. The employee was hospitalized.,9999,Nonclassifiable,
2023032094,"An employee was dismantling a fabricated frame scaffold when they fell approximately 20 feet to the ground, resulting in facial fractures and contusions.",4334,Other fall to lower level 16 to 20 feet,
2023087436,An employee was working from a 6-foot ladder while installing a device and pulling wires. The employee slipped from the ladder and fell about 3-4 feet to the ground landing on his left hip. The employee's left hip was fractured and required surgery.,4331,Other fall to lower level less than 6 feet,
2023021120,An employee was operating a forklift when it struck a guardrail. The employee suffered a broken lower left leg and was hospitalized.,2720,"Nonroadway collision with object other than vehicle, unspecified",
2023065433,"On June 20, 2023, an employee was working on a 1,150-pound part that was partially suspended by a crane. The tool was laid on its side so the employee could weld a part and adjust the wood dunnage underneath that was supporting it. The part was bumped, causing the lifting eye to shift and pinch the employee's finger between the dunnage and part. The employee's left index finger was amputated at the first knuckle.",642,Compressed or pinched by shifting objects or equipment,
2023054372,An employee was spotting a forklift when the vehicle touched a power line. The employee was holding a part of the forklift and sustained burns.,5122,"Indirect exposure to electricity, greater than 220 volts",
2023109983,"An employee was squatting down to tie off a load at the back of a trailer when one of the welds broke. The load dropped onto the employee's back, causing the employee to get thrown forward. They sustained fractures to both knees, both ankles, and a back vertebra.",6233,Struck by object falling from vehicle or machinery-other than vehicle part,
2023064929,"An employee was storing tools inside of a metal jobsite box after a lightning alert was issued. The employee was resting his right hand on the edge of the box when the lid closed on his hand, resulting in a right little finger amputation.",642,Compressed or pinched by shifting objects or equipment,
2023043411,"An employee lost balance while walking down stairs, fell to the floor, and suffered a broken ankle. The employee was hospitalized, requiring surgery.",4330,"Other fall to lower level, unspecified",
2023087197,"An employee was walking backward on a roof and fell through a hole, landing on the ground below and suffering arm and leg injuries.",4320,"Fall through surface or existing opening, unspecified",
2023065330,"On June 16, 2023, an employee was elevated in a scissor lift and was removing a pipe from a structure when they began experiencing back pain. The employee sustained a ruptured abdominal aneurysm from lifting/carrying/pulling pipe.",718,Multiple types of overexertion involving outside sources,
2023087143,An employee was in a manhole pulling a 120-volt spider to connect it. The spider snapped and struck his chest. He was shocked and hospitalized.,5111,"Direct exposure to electricity, 220 volts or less",
2023087202,"An employee was on a rolling scaffold while performing carpentry work when they fell backward 4 feet to the concrete floor, resulting in a head injury.",4331,Other fall to lower level less than 6 feet,
20231211673,An employee was helping to disassemble large reels used to store steel wire when a 264-pound flange from the reel fell over onto the employee's left leg. The employee sustained multiple fractures to their leg and ligament injuries to the lower leg.,6239,"Struck by falling object or equipment, n.e.c.",
2023021811,An employee was working in the receiving area during the loading and unloading of tractor trailers when they were struck by a reversing fork truck. The employee sustained an ankle and foot fracture.,2443,Pedestrian struck by vehicle backing up in nonroadway area,
2023043626,An employee was clearing a jam from a conveyor table. A chain and sprocket in the machine caused the amputation of the employee's left middle fingertip.,640,"Caught in or compressed by equipment or objects, unspecified",
2023098523,"On September 15, 2023, an employee was using a table saw to cut a piece of wood when a kickback occurred, causing the employee to lose balance. They reached to catch themselves and the blade of the table saw amputated their thumb and index finger.",6311,Struck against moving part of machinery or equipment,
2023054125,An employee was waiting to offload a steel bar following a filament strand on a winder machine. His right index finger contacted the rotating section of the machine and was amputated above the knuckle. The injury required surgery.,6412,Caught in running equipment or machinery during regular operation,
2023076404,An employee jumped off the loading dock to assist a package delivery driver who fell. He sustained an ankle fracture that required surgery.,4420,"Other jump to lower level, unspecified",
2023032801,"An employee was staging metal pallet pans on a hydraulic lift table when assembling cages. The hydraulic lift table experienced a mechanical failure and lowered down onto the employee's right foot, resulting in two fractured toes and a laceration.",6412,Caught in running equipment or machinery during regular operation,
2023043143,"On April 10, 2023, an employee was operating a powered industrial truck to handle material in the warehouse when they were pinned between the vehicle and a building column. The employee sustained a pelvis fracture.",2721,Part of occupant s body caught between vehicle and other object in nonroadway transport incident,
2023032310,An employee was operating a press in the main production area when they were caught between parts of the press. The employee sustained a left forearm fracture.,6412,Caught in running equipment or machinery during regular operation,
2023054534,An employee was cutting a tree into smaller pieces using a chainsaw when the chainsaw became stuck. The employee pulled back on the chainsaw and it lacerated their shoulder/arm.,6252,Injured by slipping or swinging object held by injured worker,
2023054471,"An employee was walking through the kitchen when they slipped on a metal grate on the floor and fell, resulting in right leg and hip fractures.",422,Fall on same level due to slipping ,
2023109103,"An employee was assisting with assembly of a two-level scaffold. The scaffold fell, causing the employee to fall 8 feet from the second level to the concrete surface below. The employee sustained fractures to the face, jaw, and both wrists.",4312,Fall from collapsing structure or equipment 6 to 10 feet,
2023053913,"An employee was opening a hatch on a bulk cement truck when pressure inside of the truck caused the hatch cover to slide off and up, striking the employee. The employee sustained a non-displaced pelvis fracture, a right linear temporal fracture and a subdural hematoma.",6242,Struck by discharged object or substance,
2023075891,"An employee was loading boxes into a dumpster. They stepped off the loading dock and fell, resulting in a tibial plateau fracture.",4330,"Other fall to lower level, unspecified",
2023064839,"An employee and co-workers were moving a skid steer after dropping off material at the end of the day. As the injured employee was backing up the skid steer between two pieces of equipment, the vehicle contacted the hitch of a goose-neck trailer. The employee was hospitalized for a right hip dislocation and fracture as well as a laceration to the right thigh.",2720,"Nonroadway collision with object other than vehicle, unspecified",
2023032427,"An employee was driving a forklift down a ramp after dropping off freight at a dock. The ramp was sweating, causing the employee to slide off the dock. The employee suffered a broken left hand.",2632,Ran off roadway,
20231110824,An employee was performing an inspection of the seed warehouse when they fell 30 feet from a catwalk to the ground. The employee sustained facial injuries and a compound fracture to the left femur.,4337,Other fall to lower level more than 30 feet,
2023109516,An employee was squeegeeing the floor during wash-down operations. He directed the water toward a floor drain and pulled back in preparation for the next push when the top of his right hand contacted an electrical drop cord plug. The employee suffered an electrical shock and burn.,5110,"Direct exposure to electricity, unspecified",
2023098804,"An employee was refueling a tractor at a truck stop. As they were lifting the hood of the tractor, they slipped on a substance on the ground, resulting in a fractured left ankle that required hospitalization.",422,Fall on same level due to slipping ,
2023076191,"An employee was operating a forklift and picked up material from a shelf. While reversing the forklift, the employee's hand was crushed between a steel structure and the vehicle. The employee sustained a crush injury and laceration to the left hand.",2721,Part of occupant s body caught between vehicle and other object in nonroadway transport incident,
20231211573,"An employee was walking when they tripped. They extended their right hand to catch themselves and came in contact with a fan blade, resulting in an amputation to their right middle fingertip.",4125,Trip over self without fall,
2023021874,"An employee was tightening a bolt on a bagger. As he went to move electrical conduit out of his way to get closer to the bolt, his hand went into another bagger. His right middle finger was caught on the motor belt/pulley, resulting in partial amputation.",6411,"Caught in running equipment or machinery during maintenance, cleaning ",
2023076195,An employee was driving a pallet jack. When he made a right turn his foot was pinned between the pallet jack and a building column. The employee was hospitalized with a laceration to the foot.,2721,Part of occupant s body caught between vehicle and other object in nonroadway transport incident,
2023043658,"An employee was squatting to inspect a dough mixer. She struck her head and lost her balance, causing her to grab onto a piece of machinery. The machine crushed her right index finger, resulting in an amputation.",6322,Struck against stationary object or equipment while rising,
2023065189,An employee was walking back to his forklift after stopping to remove paper from its forks. Another forklift struck him as it backed out of a semi-truck trailer. He was pinched between the side of his own forklift and the counterweights on the forklift that was backing up; he suffered a contusion from the top of his left thigh to his ankle.,2443,Pedestrian struck by vehicle backing up in nonroadway area,
2023087068,An employee was feeding paper into a newspaper printing press when the blades rotated and amputated three fingers on the employee's right hand.,6412,Caught in running equipment or machinery during regular operation,
2023098129,"On September 4, 2023, an employee was operating a dock stocker in the warehouse when the vehicle struck a yellow bollard that crushed his left foot. The big toe and part of the second toe were medically amputated.",2721,Part of occupant s body caught between vehicle and other object in nonroadway transport incident,
2023098659,"An employee was changing the forks on a forklift. His right middle fingertip was caught in the forks, resulting in a crush injury that required surgical amputation of 3 millimeters of the finger.",640,"Caught in or compressed by equipment or objects, unspecified",
2023087597,"An employee was operating an all-terrain vehicle (ATV) when the vehicle stopped quickly, causing the employee to go over the handlebars. The employee sustained a leg fracture that required hospitalization and surgery.",2736,"Fall or jump from vehicle in normal operation, nonroadway",
2023098956,"On September 28, 2023, an employee was riding on the side of a forklift when he was caught between the truck frame and a steel support column. The employee was hospitalized for fractures to the neck and ankle as well as a head contusion.",2721,Part of occupant s body caught between vehicle and other object in nonroadway transport incident,
2023032627,"An employee was assisting with straightening out a bent mudflap bracket using a jack. As the mudflap moved, the jack shifted causing the employee's hand to strike the bottom of the semi-trailer. The employee sustained abrasions and a fracture to the hand that required hospitalization and surgery.",6329,"Struck against stationary object or equipment, n.e.c.",
2023054751,"A temporary employee was operating the corn/chip cutter when the piston released and moved upward, causing her hand to become caught in the machine. The employee sustained multiple fractures in the hand that required hospitalization.",6412,Caught in running equipment or machinery during regular operation,
2023087955,"An employee was dismantling a temporary work platform. He turned around to retrieve a hand tool and fell approximately 15 feet from the platform to the ground below. The employee sustained injury to his back, bruising to his ribs, and a laceration to his left bicep.",4333,Other fall to lower level 11 to 15 feet ,
2023076773,"Employees were changing hoses in the loading rack. As they were gathering parts and changing out the cam lock fittings, the injured employee accessed the working platform and fell through the open grating. The employee sustained a head injury.",4320,"Fall through surface or existing opening, unspecified",
2023043741,An employee was dismantling scaffolding from an elevated platform when they lost balance and fell 30 feet through an opening in the planking.,4326,Fall through surface or existing opening 26 to 30 feet,
2023010131,"An employee was replacing a drive unit in a forklift. While lowering the jack to put the drive unit in place, the jack slid out from under the power unit of the forklift, causing the employee's hand to be crushed. Three of the employee's fingers were amputated.",6216,Struck by other falling powered vehicle,
2023054641,An employee was cleaning rollers on a machine. His right arm was pulled into the pinch point between two conveyor belts and crushed. The employee suffered multiple fractures of the forearm and was hospitalized.,6411,"Caught in running equipment or machinery during maintenance, cleaning ",
2023032780,"On March 28, 2023, an employee was working as an arranger on a meat production line, removing bacon from the conveyor belt and arranging it on a table for packaging. The employee was taking bacon off the belt when their left middle finger was pinched in an opening between the transition plate and the conveyor belt, resulting in an amputation just above the knuckle. The employee was hospitalized.",6412,Caught in running equipment or machinery during regular operation,
2023109826,"An employee was cleaning a slicer when the tip of their right index finger was amputated, requiring hospitalization.",630,"Struck against object or equipment, unspecified",
2023065100,"An employee was unjamming a baler when he fell 15 feet into the chute. The baler then compacted and trapped the employee, injuring both legs. One leg was broken and the other was amputated.",6411,"Caught in running equipment or machinery during maintenance, cleaning ",
2023021462,An employee was using a fastening tool to install conduit while standing on a ladder. One of the pins ricocheted from its installation point in the concrete decking and punctured the employee's abdomen.,6242,Struck by discharged object or substance,
2023065250,An employee was moving a pallet of product in the shop when their electric pallet jack struck a stationary forklift. The employee's ankle was caught between the vehicles and fractured.,2713,"Collision between a moving and standing vehicle, nonroadway",
2023109093,"On October 2, 2023, a temporary employee was working to unjam production material from a transition section of a conveyor that was part of an extrusion production line. The employee was injured by the jammed production material and the steel guides resulting in an amputation to the right thumb.",6411,"Caught in running equipment or machinery during maintenance, cleaning ",
2023087976,"An employee was in the basket of an aerial lift while unloading it from a flatbed trailer. The brake released, causing the aerial lift to strike another lift. The employee sustained a partially collapsed lung, rib fractures, and bleeding from the kidneys.",270,"Nonroadway incident involving motorized land vehicle, unspecified",
2023076236,"An employee was working on a jacket line for power assemblies for engines when a slide stop would not retract. The injured employee and maintenance employees worked together to troubleshoot the issue. The injured employee was checking an air pressure switch on the machine when the hydraulic cylinder extended and crushed their right index finger against the jacket line, amputating the finger to the first knuckle.",6411,"Caught in running equipment or machinery during maintenance, cleaning ",
20231211465,An employee was carrying a roll of stretch plastic for a pallet wrapper when he became tangled in loose plastic and fell to the concrete floor. The employee sustained a hip fracture.,4213,Fall on same level due to tripping over an object ,
2023021344,"Two employees walked to a storage area to retrieve some parts. The injured employee's finger was caught in the sliding door latch, resulting in an amputation to the index finger.",6261,Struck by or caught in swinging door or gate,
2023076351,"An employee was re-lighting a sulfur burner while another employee increased the pressure on the gas valve. A gas explosion occurred. The employee sustained second-and third-degree burns to their arm, hand, chest, abdomen, and neck.",322,"Explosion of nonpressurized vapors, gases, or liquids",
2023098719,"An employee was getting loose cotton from a cotton processing machine when their right hand was caught by a cotton processing roller. The employee sustained an amputation to their ring finger, a laceration to the middle finger, and a fracture and puncture wound to the little finger.",6410,"Caught in running equipment or machinery, unspecified",
2023010513,"While delivering mail, an employee slipped on ice and fell. The employee was hospitalized with a broken right elbow.",422,Fall on same level due to slipping ,
2023021297,"An employee was using a tape machine to close boxes. The machine's handle became stuck as she was pulling it, then returned quickly and struck her left hand slightly above the wrist.",640,"Caught in or compressed by equipment or objects, unspecified",
20231211350,"Employees were felling hazard trees. The injured employee was conducting 'bucking' operations to saw a tree from the road when the tree kicked-back, pinning him against the ground and fracturing his left femur. The employee was hospitalized and required surgery.",60,"Contact with objects and equipment, unspecified",
2023098880,"An employee was closing the tailgate/loading ramp of a 16-foot utility trailer and lining up the locking pin and hole when a bystander came over to help. As the bystander pulled the gate closed, the employee's left middle fingertip was caught in the tailgate, resulting in a fracture and broken skin. The finger was medically amputated at the knuckle.",642,Compressed or pinched by shifting objects or equipment,
2023087632,"On August 20, 2023, an employee was driving an electric pallet jack when he noticed an issue with the wheel. The pallet jack then collided with a forklift and the operator sustained a tibia fracture.",2710,"Nonroadway collision with other vehicle, unspecified",
2023098718,"An employee was clearing a jam in the stacker portion of a rotary die-cutting machine when they became pinned in the machine, resulting in a pelvic fracture and a kidney laceration.",6411,"Caught in running equipment or machinery during maintenance, cleaning ",
20231110703,"On November 20, 2023, an employee was repairing a rotary airlock when it closed on two of their fingers, resulting in fingertip amputations.",642,Compressed or pinched by shifting objects or equipment,
2023010787,"An employee's safety vest was caught in a rotating shaft, causing them to be pulled into a machine. The employee sustained a broken upper arm.",6410,"Caught in running equipment or machinery, unspecified",
2023032129,An employee was performing roofing work at a residence on 3/7/2023 at 11:30 AM. The employee fell to the ground and was hospitalized with a broken leg.,4330,"Other fall to lower level, unspecified",
2023109504,An employee was working in the kitchen when fingers on his right hand were amputated by a grinder.,6412,Caught in running equipment or machinery during regular operation,
2023098146,An employee was removing a baffle in a decant tank for cleaning when a flash fire occurred. The employee sustained burns to both upper and lower extremities as well as the left cheek and lips.,310,"Fire, unspecified",
2023098652,"An employee was finalizing the installation of a pool enclosure when they fell from a ladder to the ground, fracturing their back and arm. The employee also sustained a head contusion.",4330,"Other fall to lower level, unspecified",
20231110512,"An employee was performing routine housekeeping duties when a bale of plastic bottles slid off the forks of a forklift that was backing out of a trailer. The bale struck the employee, pushing her into another machine. The employee suffered a fractured rib and punctured lung.",249,"Pedestrian vehicular incident, n.e.c.",
2023021401,"Employees were constructing a new refinery structure that is delivered to the site in sections referred to as modules. The modules consist of steel beams that are connected together and are then placed and connected to the overall structure. As the injured employee was placing a 86,000-pound module that was connected to a crane, the structural steel module moved into place. The employee's forearm was caught between the structure and the module, resulting in an avulsion and contusion.",642,Compressed or pinched by shifting objects or equipment,
2023010012,"An employee was sorting donations outside at the drive-through window. The employee tripped on the cord of a glass lamp and fell. The glass broke and cut an artery in the employee's right elbow, requiring hospitalization.",4213,Fall on same level due to tripping over an object ,
2023043419,An employee was helping secure a support structure for a heat exchanger that was going to be cut. The support structure was cut and the heat exchanger put tension on the strap that was securing it. The strap then broke and the heat exchanger fell. It struck the employee causing a laceration to their left lower leg.,6230,"Struck by falling object or equipment, unspecified",
2023021674,"An employee was opening a semi trailer door at a dock when the truck moved forward, causing the employee to fall from the loading dock landing. The employee sustained two fractures of the right knee that required hospitalization and surgery.",4330,"Other fall to lower level, unspecified",
2023098337,"On 9/09/2023, an employee was adjusting the packing cuts on the press for the center ram. The center brass guide fell out of the ram and crushed the packing, which crushed the employee's fingers. The employee's left middle fingertip was amputated.",640,"Caught in or compressed by equipment or objects, unspecified",
2023087366,A cab operator got out of their cab to fix a log on the shaver machine that was crossed up. They walked down a catwalk and fell over a guardrail landing on concrete 20 feet below and sustaining a cracked pelvis and shoulder as well as a head contusion.,4334,Other fall to lower level 16 to 20 feet,
2023099009,"Employees were at the edge of an excavation at a construction site waiting for the excavator to remove a stuck pipe. As the pipe released from the excavation, it ricocheted off the trench box and struck the injured employee's face. The employee sustained facial injuries to the nose, jaw, and chin that required surgery.",6241,"Struck by dislodged flying object, particle",
2023109777,"An employee was transporting a stamping press die with an overhead crane when the load fell on their shin, resulting in a laceration that required surgery and hospitalization.",6233,Struck by object falling from vehicle or machinery-other than vehicle part,
2023099047,An employee was cutting wood with a table saw when their right thumb tip was amputated.,6311,Struck against moving part of machinery or equipment,
2023065104,"On June 9, 2023, an employee opened the radiator cap on an off-road truck. Hot steam came out and burned the employee's neck, chest, and upper arms. He was hospitalized.",533,Contact with hot objects or substances,
2023043138,"An employee was performing preventative maintenance on a forklift when he tripped backward over the forks, resulting in broken ribs and a punctured left lung. The employee was hospitalized.",4213,Fall on same level due to tripping over an object ,
2023065137,"An employee was moving an 1,100-pound fluid end backing plate using a fork truck. The plate had shifted out of place. When the employee went to reposition the plate on the forks, the plate slipped and caught their left middle finger against the forks, resulting in partial amputation.",642,Compressed or pinched by shifting objects or equipment,
2023010118,"An employee used a scissor lift to get to the trailer of a truck so he could unload the trailer. As he released the bar, heavy furniture pushed against it, and the bar knocked the employee off balance, causing him to fall from the trailer to the ground. The employee was hospitalized with a head injury, and fractures to the ankle and wrist.",4331,Other fall to lower level less than 6 feet,
2023021768,An employee fell to the floor when her shoelace was caught on a drawer near her desk. The employee was hospitalized; she sustained a non-displaced femoral neck injury.,4219,"Fall on same level due to tripping, n.e.c.",
2023010697,"An employee was turning a pipe with a pipe wrench when the wrench slipped, pinching the employee's left index finger between the wrench and pipe resulting in amputation at the first joint.",6252,Injured by slipping or swinging object held by injured worker,
2023032517,"On March 21, 2023, at approximately 1:12 PM, a paint prep employee was adjusting a cylinder on a rack when his right little finger became caught between the cylinder and rack. The employee sustained a fingertip amputation.",642,Compressed or pinched by shifting objects or equipment,
2023010903,"An employee was unpacking and removing wrap and bands from pallets of wheels. While removing a piece of plywood (39 pounds and 4'x4') from a stack of wheels, the employee lifted the pallet up on the right side, allowing the plywood to slide down the left side between the pallet and the walkway guard rail. The employee went to stop the plywood from hitting the conveyor guard when their little finger was crushed and amputated between the plywood and machine guard.",642,Compressed or pinched by shifting objects or equipment,
2023010761,An employee was walking and rolled his foot on a frozen dirt clod. The employee fell to the ground and sustained a broken ankle.,4213,Fall on same level due to tripping over an object ,
20231211676,"The employee was using a manual style pallet jack to move a pallet full of glass panels. The employee was attempting to get the forks situated under the pallet. The pallet became uneven causing the glass panels to fall off the pallet. The employee attempted to stop the glass from falling and their arm was lacerated by the glass, resulting in hospitalization.",6233, Struck by object falling from vehicle or machinery-other than vehicle part,
2023021396,"An employee was pulling a cart loaded with plants toward the shipping area. While moving backward, her right middle finger became caught in a groove between her cart and a parked cart, resulting in amputation of the fingertip.",6221,Struck by rolling object or equipment being pushed by injured worker,
2023054415,"Employees were checking a trench box for removal when the wall caved in, burying the employees. One employee was hospitalized for 8 rib fractures and a shoulder fracture. The other employee was also hospitalized.",651,Excavation or trenching cave-in,
2023010857,"An employee was installing oriented strand board (OSB) along the outer edge of a platform. He left to replace the battery in his cordless saw. When he returned, he stepped onto a piece of OSB and fell approximately 5 feet onto an exposed stair stringer. The employee was hospitalized with two fractured vertebrae in the neck.",430,"Fall to lower level, unspecified",
2023043125,"An employee was performing excavation activities when he was struck by the counterweight of an excavator, propelling him into the excavation. The employee landed on the boom of another machine, resulting in a fracture to his left hip that required hospitalization.",6213,Struck by swinging part of powered vehicle,
2023099031,An employee was handling a spare tire when the tire fell over onto the employee's hand. The employee was hospitalized and suffered a left middle finger amputation.,6230,"Struck by falling object or equipment, unspecified",
2023065307,"On June 15, 2023, at 11:30 AM, an employee was moving a belt on a pumping unit when he slipped, causing his right hand to get caught between the belt and sheave. His right wrist was dislocated and required surgery and his left ring finger was amputated at the last joint. The employee was hospitalized.",640,"Caught in or compressed by equipment or objects, unspecified",
20231211602,An employee was delivering mail when they fell from a customer's porch to the ground and sustained a broken hip.,4330,"Other fall to lower level, unspecified",
2023021818,"An employee was cleaning the rollers under a conveyor on a production line using a paper towel. The employee's hand was caught on the roller that supports the belt, amputating their left index fingertip.",6411,"Caught in running equipment or machinery during maintenance, cleaning ",
20231110326,"An employee was climbing an A-frame ladder when his left foot slid from the fourth step and he fell to the ground, resulting in a broken tibia. The employee was later hospitalized and required surgery.",4330,"Other fall to lower level, unspecified",
2023076612,An employee had been working on HVAC duct repair on a roof. The employee was descending a fixed ladder on the side of the building when he slipped on the fifth rung and fell approximately 5 feet to the grass. The employee sustained injury to their scapula and fractures to their clavicle and ribs.,4331,Other fall to lower level less than 6 feet,
2023076008,"An employee was loading a piece of wood into a mortise and tenon machine. The employee's right ring finger was pinched between the wood and the working surface of the machine, and their fingertip was amputated.",6412,Caught in running equipment or machinery during regular operation,
20231211093,"An employee was securing a heat exchanger tube sheet, weighing about 150 pounds, for match marking on a vertical stand. The employee's left middle finger was caught between the securement bolt and the table. The employee suffered an amputation to the left middle fingertip.",642,Compressed or pinched by shifting objects or equipment,
20231110951,An employee was cleaning a conveyor belt when the gears on the belt caused a fingertip amputation.,6411,"Caught in running equipment or machinery during maintenance, cleaning ",
20231110726,"An employee was operating a planer. As they went to remove a jammed 5x5 piece of lumber, it dislodged and contacted their left middle fingertip, amputating it at the nailbed.",6241,"Struck by dislodged flying object, particle",
20231110629,"An employee was using a portable electric grinder when the grinding disk broke and struck the employee's chin, causing a laceration.",6241,"Struck by dislodged flying object, particle",
20231110539,"An employee was unhooking a sugar cane trailer when their hand was pinched between the safety pin and the trailer's landing gear, resulting in a hand injury.",60,"Contact with objects and equipment, unspecified",
2023075983,"An employee was working in a cup production area, performing heavy work in a hot area when they began to experience stomach cramps and vision loss. The employee was hospitalized for heat-related illness.",531,Exposure to environmental heat,
2023076092,An employee was disassembling a pipe line when they were exposed to thionyl chloride. The employee sustained chemical burns and was hospitalized.,5544,"Exposure through intact skin, eyes, or other exposed tissue",
2023043147,"An employee was fueling a chop saw in preparation to cut rebar. After placing the saw in a horizontal position, the gas cap leaked fuel onto the employee's leg. The sparks from cutting then ignited the fuel, causing the employee to sustain burns to the left leg and hands.",317,"Ignition of vapors, gases, or liquids",
2023043776,"An employee was climbing a ladder to apply a belt dressing on a moving head pulley. Their arm became caught in the pulley, resulting in a laceration that required stitches.",640,"Caught in or compressed by equipment or objects, unspecified",
2023076649,"An employee was unstrapping the banding on a pallet of steel joists at a delivery site when a piece of steel joist fell onto the employee. He sustained a fracture of the spine, broken ribs, and a dislocated left hip.",6230,"Struck by falling object or equipment, unspecified",
2023098681,"An employee was walking backward when they tripped over a pallet jack and fell, hitting their head on the floor and suffering a head injury.",4213,Fall on same level due to tripping over an object ,
20231211640,An employee was exiting a trailer for it to be loaded when their right ankle was pinned between a piece of angle iron that was anchored to the floor and a long pallet being pushed by a powered industrial truck (PIT). The employee sustained an ankle fracture and was hospitalized.,2442,Pedestrian struck by forward-moving vehicle in nonroadway area,
2023109070,An employee was closing the door of a safe when her right thumb was caught between the door of the safe and the safe wall resulting in an amputation to the thumb.,642,Compressed or pinched by shifting objects or equipment,
2023054559,"An employee was lifting a 1,600-pound transformer with a pump jack when the pump jack collapsed. The employee suffered a partial amputation to his right middle fingertip.",6233,Struck by object falling from vehicle or machinery-other than vehicle part,
2023065576,"An employee was working on a label/tube machine when the shrink tubing became stuck while it was exiting the machine. As the employee went to remove the tubing, their fingertip was amputated by the machine blade.",6411,"Caught in running equipment or machinery during maintenance, cleaning ",
2023021794,An employee was lifting a snowblower onto a truck when they sustained a back strain that required hospitalization.,7111,Overexertion in lifting-single episode,
2023076867,"An employee was oiling a drive chain when their hand was caught in the chain and sprocket, resulting in a fingertip amputation.",6411,"Caught in running equipment or machinery during maintenance, cleaning ",
2023032845,A lift truck operator was unstacking pallets of boxes in the middle portion of a railcar by hand in order to be able to enter the railcar with a forklift and remove the remaining pallets on the left and right sides of the railcar. A pallet on the right side of the railcar had shifted during transportation. A box fell from this pallet onto the employee resulting in possible fractures to their neck and right leg.,6239,"Struck by falling object or equipment, n.e.c.",
2023031985,"An employee was performing maintenance on a roll-up door that had four bolts removed from an L-bracket. Two still-installed bolts sheared off while under pressure, causing the employee's right hand to become caught between the bracket and a chain sprocket. The employee suffered an amputation to their middle finger.",642,Compressed or pinched by shifting objects or equipment,
2023043520,An employee was standing on the side of the road directing traffic. A car was turning left and struck a passing vehicle. The struck vehicle was propelled off the road and into the employee.,2431,Pedestrian struck by vehicle propelled by another vehicle on side of road,
2023065265,An employee was standing outside of the vehicle when the door closed on his right ring finger resulting in amputation of the finger.,6213,Struck by swinging part of powered vehicle,
